{
  "timestamp": "2025-09-24T14:58:52.419Z",
  "totalStreams": 10,
  "completedStreams": 7,
  "cancelledStreams": 3,
  "errorStreams": 0,
  "averageDuration": 2266,
  "averageTokens": 9,
  "reconnectStats": {
    "total": 4,
    "successful": 4,
    "avgPerStream": 0.4
  },
  "cancelStats": {
    "attempted": 3,
    "successful": 3,
    "averageCancelTime": 0,
    "maxCancelTime": 0
  },
  "leakCheck": {
    "activeConnectionsAtEnd": 7,
    "memoryLeaksDetected": 1
  },
  "verdict": "FAIL",
  "issues": [
    "7 connections still active (memory leak)"
  ]
}