{
  "version": 1,
  "seed": 1234,
  "orgId": "local",
  "userId": "tester",
  "route": "critique",
  "traceId": "trace-abc123",
  "startedAt": "2025-09-23T18:00:00.000Z",
  "finishedAt": "2025-09-23T18:00:05.250Z",
  "totals": {
    "inputTokens": 1200,
    "outputTokens": 256,
    "costUsd": 0.0123
  },
  "confidence": {
    "identifiability": "A",
    "linearity": "B",
    "calibration": "C",
    "diversity": "D"
  },
  "meta": {},
  "sections": [],
  "steps": [
    {
      "id": "step-1",
      "type": "plan",
      "status": "ok",
      "attempts": 1,
      "durationMs": 210,
      "outcome": "planned"
    },
    {
      "id": "step-2",
      "type": "critique",
      "status": "ok",
      "attempts": 1,
      "durationMs": 3310
    }
  ]
}
