{
  "timestamp": "2025-09-24T15:27:09.888Z",
  "verdict": "deterministic OK",
  "overallResult": "PASS",
  "summary": {
    "passed": 5,
    "total": 5,
    "passRate": 100
  },
  "results": [
    {
      "seed": 42,
      "runs": [
        {
          "output": "Analyzing scenario with seed 42...\n\n## Analysis Results\n\nInitial findings indicate potential requiring immediate attention.\n\n**Confidence Level**: 87%",
          "duration": 0,
          "timestamp": "2025-09-24T15:27:09.722Z"
        },
        {
          "output": "Analyzing scenario with seed 42...\n\n## Analysis Results\n\nInitial findings indicate potential requiring immediate attention.\n\n**Confidence Level**: 87%",
          "duration": 0,
          "timestamp": "2025-09-24T15:27:09.734Z"
        },
        {
          "output": "Analyzing scenario with seed 42...\n\n## Analysis Results\n\nInitial findings indicate potential requiring immediate attention.\n\n**Confidence Level**: 87%",
          "duration": 0,
          "timestamp": "2025-09-24T15:27:09.745Z"
        }
      ],
      "isDeterministic": true,
      "verdict": "PASS",
      "summary": "✅ All 3 runs produced identical output"
    },
    {
      "seed": 123,
      "runs": [
        {
          "output": "Analyzing scenario with seed 123...\n\n## Analysis Results\n\nInitial findings indicate potential that warrants further investigation.\n\n**Confidence Level**: 71%",
          "duration": 0,
          "timestamp": "2025-09-24T15:27:09.756Z"
        },
        {
          "output": "Analyzing scenario with seed 123...\n\n## Analysis Results\n\nInitial findings indicate potential that warrants further investigation.\n\n**Confidence Level**: 71%",
          "duration": 0,
          "timestamp": "2025-09-24T15:27:09.768Z"
        },
        {
          "output": "Analyzing scenario with seed 123...\n\n## Analysis Results\n\nInitial findings indicate potential that warrants further investigation.\n\n**Confidence Level**: 71%",
          "duration": 0,
          "timestamp": "2025-09-24T15:27:09.779Z"
        }
      ],
      "isDeterministic": true,
      "verdict": "PASS",
      "summary": "✅ All 3 runs produced identical output"
    },
    {
      "seed": 999,
      "runs": [
        {
          "output": "Analyzing scenario with seed 999...\n\n## Analysis Results\n\nPreliminary analysis reveals demanding strategic consideration.\n\n**Confidence Level**: 95%",
          "duration": 0,
          "timestamp": "2025-09-24T15:27:09.789Z"
        },
        {
          "output": "Analyzing scenario with seed 999...\n\n## Analysis Results\n\nPreliminary analysis reveals demanding strategic consideration.\n\n**Confidence Level**: 95%",
          "duration": 0,
          "timestamp": "2025-09-24T15:27:09.800Z"
        },
        {
          "output": "Analyzing scenario with seed 999...\n\n## Analysis Results\n\nPreliminary analysis reveals demanding strategic consideration.\n\n**Confidence Level**: 95%",
          "duration": 0,
          "timestamp": "2025-09-24T15:27:09.811Z"
        }
      ],
      "isDeterministic": true,
      "verdict": "PASS",
      "summary": "✅ All 3 runs produced identical output"
    },
    {
      "seed": 1337,
      "runs": [
        {
          "output": "Analyzing scenario with seed 1337...\n\n## Analysis Results\n\nKey observations from the data with significant implications.\n\n**Confidence Level**: 78%",
          "duration": 0,
          "timestamp": "2025-09-24T15:27:09.822Z"
        },
        {
          "output": "Analyzing scenario with seed 1337...\n\n## Analysis Results\n\nKey observations from the data with significant implications.\n\n**Confidence Level**: 78%",
          "duration": 0,
          "timestamp": "2025-09-24T15:27:09.833Z"
        },
        {
          "output": "Analyzing scenario with seed 1337...\n\n## Analysis Results\n\nKey observations from the data with significant implications.\n\n**Confidence Level**: 78%",
          "duration": 0,
          "timestamp": "2025-09-24T15:27:09.844Z"
        }
      ],
      "isDeterministic": true,
      "verdict": "PASS",
      "summary": "✅ All 3 runs produced identical output"
    },
    {
      "seed": 2024,
      "runs": [
        {
          "output": "Analyzing scenario with seed 2024...\n\n## Analysis Results\n\nThe data suggests a clear pattern demanding strategic consideration.\n\n**Confidence Level**: 90%",
          "duration": 0,
          "timestamp": "2025-09-24T15:27:09.855Z"
        },
        {
          "output": "Analyzing scenario with seed 2024...\n\n## Analysis Results\n\nThe data suggests a clear pattern demanding strategic consideration.\n\n**Confidence Level**: 90%",
          "duration": 0,
          "timestamp": "2025-09-24T15:27:09.865Z"
        },
        {
          "output": "Analyzing scenario with seed 2024...\n\n## Analysis Results\n\nThe data suggests a clear pattern demanding strategic consideration.\n\n**Confidence Level**: 90%",
          "duration": 0,
          "timestamp": "2025-09-24T15:27:09.876Z"
        }
      ],
      "isDeterministic": true,
      "verdict": "PASS",
      "summary": "✅ All 3 runs produced identical output"
    }
  ],
  "metadata": {
    "testType": "determinism",
    "simulator": "DeterminismTestStreamer",
    "runsPerSeed": 3
  }
}