{
  "release": {
    "timestamp": "2025-09-24T14:53:39.638Z",
    "version": "PoC-2025-09-24T14-53-24",
    "branch": "platform/independent-20250924-1543",
    "commit": "f567bca9",
    "duration": 14917
  },
  "validation": {
    "results": [
      {
        "step": "TypeScript compilation",
        "status": "pass",
        "output": "> decision-mind@0.0.0 typecheck\n> tsc -p tsconfig.ci.json --noEmit"
      },
      {
        "step": "Unit tests",
        "status": "pass",
        "output": "> decision-mind@0.0.0 test\n> vitest run --reporter=verbose\n\n\n RUN  v1.6.1 /Users/paulslee/Documents/GitHub/DecisionGuideAI-Claude\n\n ✓ src/lib/__tests__/run-report-v1.test.ts > Run Report v1 Pass-through > should generate valid sample report\n ✓ src/lib/__tests__/run-report-v1.test.ts > Run Report v1 Pass-through > should apply redaction correctly\n ✓ src/lib/__tests__/fast-cancel.test.ts > Fast-cancel handshake (Gateway ↔ Warp) > should cancel within ≤150ms target\n ✓ src/lib/__tests__/run-report-v1.test.ts > Run Report v1 Pass-through > should handle real report fetching when enabled\n ✓ src/lib/__tests__/run-report-v1.test.ts > Run Report v1 Pass-through > should use sample report when real reports disabled\n ✓ src/lib/__tests__/run-report-v1.test.ts > Run Report v1 Pass-through > should always use sample for \"sample\" reportId\n ✓ src/lib/__tests__/run-report-v1.test.ts > Run Report v1 Pass-through > should validate report structure\n ✓ src/lib/__tests__/run-report-v1.test.ts > Run Report v1 Pass-through > should handle custom redaction config\n ✓ src/lib/__tests__/run-report-v1.test.ts > Run Report v1 Pass-through > should log report access without payload data\n ✓ src/lib/__tests__/run-report-v1.test.ts > Run Report v1 Pass-through > should check real report flag correctly\n ✓ src/lib/__tests__/run-report-v1.test.ts > Run Report v1 Pass-through > should handle deep nested redaction\n ✓ src/lib/__tests__/fast-cancel.test.ts > Fast-cancel handshake (Gateway ↔ Warp) > should handle multiple concurrent cancels\n ✓ src/lib/__tests__/fast-cancel.test.ts > Fast-cancel handshake (Gateway ↔ Warp) > should return not_found for unknown sessions\n ✓ src/lib/__tests__/fast-cancel.test.ts > Fast-cancel handshake (Gateway ↔ Warp) > should track latency metrics correctly 365ms\n ✓ src/lib/__tests__/fast-cancel.test.ts > Fast-cancel handshake (Gateway ↔ Warp) > should create proper cancelled events\n ✓ src/lib/__tests__/fast-cancel.test.ts > Fast-cancel handshake (Gateway ↔ Warp) > should handle EventSource cleanup\n ✓ src/lib/__tests__/fast-cancel.test.ts > Fast-cancel handshake (Gateway ↔ Warp) > should respect custom timeout values\n ✓ src/lib/__tests__/md.copycode.test.tsx > Markdown Copy Code (flags OFF) > does not render copy buttons when preview/copy flags are OFF 448ms\n ✓ src/lib/__tests__/sse-panel.hints.test.tsx > SandboxStreamPanel terminal hints > limited with hints ON shows chip title and limited tip 501ms\n ✓ src/lib/__tests__/session.defaults.test.ts > session defaults and overrides > default base values are used: sessionId=sandbox, org=local 492ms\n ✓ src/lib/__tests__/session.defaults.test.ts > session defaults and overrides > env overrides VITE_SESSION_ID/VITE_ORG are used when provided\n ✓ src/lib/__tests__/sse-panel.hints.test.tsx > SandboxStreamPanel terminal hints > error with hints ON shows chip title only; no limited tip\n ✓ src/lib/__tests__/md.copycode.test.tsx > Markdown Copy Code (flags ON) > renders copy buttons for fenced blocks and copies exact code\n ✓ src/lib/__tests__/export.transcript.test.tsx > Export transcript > happy path export .txt contains metadata and transcript 559ms\n ✓ src/lib/__tests__/session.defaults.test.ts > session defaults and overrides > localStorage overrides session.id/session.org when present\n ✓ src/lib/__tests__/session.defaults.test.ts > session defaults and overrides > explicit overrides pass through fetchRunReport\n ✓ src/lib/__tests__/sse-panel.hints.test.tsx > SandboxStreamPanel terminal hints > hints OFF shows no title and no limited tip\n ✓ src/lib/__tests__/export.transcript.test.tsx > Export transcript > JSON export has meta and token list\nstdout | src/lib/__tests__/export.transcript.test.tsx > Export transcript > Stop → Aborted gating excludes tokens after stop\n[SandboxStreamPanel] Cancel latency (ms): 0\n\n ✓ src/lib/__tests__/export.transcript.test.tsx > Export transcript > Stop → Aborted gating excludes tokens after stop\n ✓ src/lib/__tests__/export.transcript.test.tsx > Export transcript > export buttons hidden when not terminal\n ✓ src/lib/__tests__/history.drawer.test.tsx > RunHistoryDrawer > records an entry on Done and opens report with params 597ms\n ✓ src/lib/__tests__/history.drawer.test.tsx > RunHistoryDrawer > caps at MAX=5 newest-first\n ✓ src/lib/__tests__/history.drawer.test.tsx > RunHistoryDrawer > empty state when no runs yet and Esc returns focus\n ✓ src/lib/__tests__/fast-cancel.test.ts > Fast-cancel handshake (Gateway ↔ Warp) > should track target compliance metrics 723ms\n ✓ src/lib/__tests__/fast-cancel.test.ts > Fast-cancel handshake (Gateway ↔ Warp) > should cleanup all sessions properly\n ✓ src/lib/__tests__/md.preview.test.tsx > Markdown preview > allows only safe links and blocks javascript: URLs\n ✓ src/lib/__tests__/md.preview.test.tsx > Markdown preview > updates on microtask flush when buffer is ON\n ✓ src/lib/__tests__/md.preview.test.tsx > Markdown preview > sanitizes HTML content\n ✓ src/lib/__tests__/md.preview.test.tsx > Markdown preview > updates on terminal flush when buffer is OFF\n ✓ src/lib/__tests__/sse-buffer.test.ts > SandboxStreamPanel rAF token buffer > batches multiple tokens within a frame into one flush 596ms\n ✓ src/lib/__tests__/sse-buffer.test.ts > SandboxStreamPanel rAF token buffer > flushes buffered tokens on terminal (done)\n ✓ src/lib/__tests__/sse-buffer.test.ts > SandboxStreamPanel rAF token buffer > stop gates tokens after flushing any pending buffer 798ms\n ✓ src/lib/__tests__/history.rerun.test.tsx > Run History Re-run > clicking Re-run snaps params, starts streaming, URL includes params, and new entry appends at terminal 1569ms\n ✓ src/lib/__tests__/run-report.drawer.test.tsx > RunReportDrawer via SandboxStreamPanel > enables View report after terminal and renders mock data; Esc closes and returns focus 1091ms\nstdout | src/lib/__tests__/sse-panel.test.tsx > SandboxStreamPanel > streams tokens, shows cost, reconnects once, and focuses status on terminal\n[SandboxStreamPanel] Cancel latency (ms): 0\n\n ✓ src/lib/__tests__/sse-panel.test.tsx > SandboxStreamPanel > streams tokens, shows cost, reconnects once, and focuses status on terminal 1150ms\n ✓ src/lib/__tests__/shortcuts.test.tsx > Shortcuts and cheat sheet > Cmd/Ctrl+Enter starts and Esc stops\n ✓ src/lib/__tests__/shortcuts.test.tsx > Shortcuts and cheat sheet > r opens report after terminal and h opens history; ? toggles sheet\n ✓ src/lib/__tests__/sse-params.test.tsx > SandboxStreamPanel with params > passes seed/budget/model to SSE URL and fetchRunReport\n ✓ src/lib/__tests__/sse-panel.labels.test.tsx > SandboxStreamPanel terminal labels > announces Limited by budget\n ✓ src/lib/__tests__/sse-panel.labels.test.tsx > SandboxStreamPanel terminal labels > announces Error\n ✓ src/lib/__tests__/sse-reconnect.test.ts > sseClient reconnect and dedupe > reconnects once with resume and dedupes by lastEventId\n ✓ src/lib/__tests__/run-report.source.test.tsx > Run Report source selection > uses mock fixture when real flag is OFF\n ✓ src/lib/__tests__/run-report.source.test.tsx > Run Report source selection > falls back to mock when real flag ON but fetch errors\n ✓ src/lib/__tests__/sse-crlf.test.ts > sseClient CRLF normalization > normalizes \r\n and \r to \n in token text\n ✓ src/lib/__tests__/sse-panel.idle.test.tsx > SandboxStreamPanel idle hint > shows hint when idle; disappears on Start; stays hidden after terminal\n ✓ src/lib/__tests__/jobs-panel.test.tsx > JobsProgressPanel > advances progress and cancels cleanly\n ✓ src/plotLite/tests/ghost.blocker.buttons.test.tsx > GhostPanel BLOCKER action buttons > renders Accept/Edit/Dismiss buttons only for BLOCKER items 321ms\nstdout | src/lib/__tests__/telemetry.test.ts > telemetry counters > ON → increments; no payloads\n[TLM] edge.stream.start\n[TLM] edge.stream.token\n[TLM] edge.stream.token\n[TLM] edge.stream.done\n\n ✓ src/lib/__tests__/telemetry.test.ts > telemetry counters > OFF → no increments\n ✓ src/lib/__tests__/telemetry.test.ts > telemetry counters > ON → increments; no payloads\n\n Test Files  22 passed (22)\n      Tests  59 passed (59)\n   Start at  15:53:27\n   Duration  10.09s (transform 1.96s, setup 3ms, collect 14.53s, tests 11.81s, environment 28.33s, prepare 5.39s)"
      },
      {
        "step": "Integration tests (simulation mode)",
        "status": "pass",
        "output": "> decision-mind@0.0.0 integration:check\n> tsx integration/integration-check.ts\n\n🚀 Starting Integration Harness for Scenario Sandbox PoC\n\n🧪 Health Checks...\n  🔄 Simulation mode: mocking health checks\n✅ Health Checks (100ms)\n🧪 OpenAPI Contract...\n  🔄 Simulation mode: mocking OpenAPI contract validation\n✅ OpenAPI Contract (52ms)\n🧪 Stream + Cancel...\n  🔄 Simulation mode: mocking stream + cancel\n✅ Stream + Cancel (76ms)\n🧪 Job + Cancel...\n  🔄 Simulation mode: mocking job + cancel\n✅ Job + Cancel (63ms)\n🧪 Report v1 Fetch...\n  🔄 Simulation mode: creating sample report\n✅ Report v1 Fetch (84ms)\n🧪 Determinism Check...\n  🔄 Simulation mode: mocking determinism check\n✅ Determinism Check (121ms)\n\n📊 Integration Test Summary\n==================================================\n✅ Passed: 6\n❌ Failed: 0\n⏭️  Skipped: 0\n⏱️  Total Duration: 498ms\n\n🟢 ALL GREEN\n✨ Integration check complete - all systems operational\n📄 HTML report written to: /Users/paulslee/Documents/GitHub/DecisionGuideAI-Claude/artifacts/integration-status.html"
      }
    ],
    "critical": [],
    "warnings": [
      "No contract:check script found - skipping contract validation"
    ],
    "decision": "GO"
  },
  "configuration": {
    "flags": {
      "summary": "📊 Flag Configuration Summary\n========================================\nTotal Flags: 20\nChanged from Default: 0\nUsing Defaults: 16\n\n📂 By Category:\n  feature: 8\n  advanced: 2\n  performance: 5",
      "violations": []
    },
    "safetyStatus": "SAFE",
    "violations": []
  },
  "artifacts": [
    "integration-status.html"
  ],
  "checklist": {
    "powerfulFeaturesOff": true,
    "noPayloadLogging": true,
    "simulationAvailable": true,
    "fastCancelImplemented": true,
    "integrationPassing": true
  }
}