{
  "status": "ok",
  "p95_ms": 0,
  "c2xx": 62,
  "c4xx": 0,
  "c5xx": 0,
  "lastReplayStatus": "unknown",
  "runtime": {
    "node": "v20.19.0",
    "uptime_s": 117,
    "rss_mb": 81,
    "heap_used_mb": 26,
    "eventloop_delay_ms": 11,
    "p95_ms": 0,
    "p99_ms": 1
  },
  "caches": {
    "idempotency_current": 0
  },
  "rate_limit": {
    "enabled": true,
    "rpm": 60,
    "last5m_429": 370487
  },
  "test_routes_enabled": true,
  "replay": {
    "lastStatus": "fail",
    "refusals": 0,
    "retries": 0,
    "lastTs": "2025-10-01T13:06:50.978Z"
  },
  "flags_doc": {
    "test_routes_enabled": false,
    "rate_limit.enabled": true
  }
}
