{
  "events": [
    {
      "id": "1",
      "event": "token",
      "data": {
        "id": "token_001",
        "text": "Starting",
        "timestamp": "2024-01-15T10:30:00.100Z",
        "sessionId": "session-error-001"
      }
    },
    {
      "id": "2",
      "event": "token",
      "data": {
        "id": "token_002",
        "text": " analysis",
        "timestamp": "2024-01-15T10:30:00.200Z",
        "sessionId": "session-error-001"
      }
    },
    {
      "id": "3",
      "event": "error",
      "data": {
        "error": {
          "code": "RATE_LIMIT_EXCEEDED",
          "message": "Request rate limit exceeded. Please try again in a few minutes.",
          "retryHint": "Wait 60 seconds before retrying"
        },
        "timestamp": "2024-01-15T10:30:00.250Z",
        "sessionId": "session-error-001"
      }
    }
  ],
  "error": {
    "message": "Request rate limit exceeded. Please try again in a few minutes.",
    "retryHint": "Wait 60 seconds before retrying",
    "code": "RATE_LIMIT_EXCEEDED"
  },
  "state": "error"
}